Title,Year,Genre,Duration,Budget,Revenue,Fan_1,Fan_2,Fan_3,Fan_4,Fan_5,Fan_6,Fan_7,Fan_8,Fan_9,Fan_10,Fan_11,Fan_12,Fan_13,Fan_14,Fan_15,Fan_16,Fan_17,Fan_18,Fan_19,Fan_20,IMBD ,Rotten_Tomatoes,Metacritic,Letterboxd,Personal
The shawshank redemption,1994,Drama,142,28.341469,2.34311,90.0,75.0,86.0,61.0,74.0,76.0,100.0,73.0,91.0,91.0,94.0,60.0,86.0,99.0,96.0,87.0,93.0,70.0,76.0,62.0,93,99,98.0,84,80.0
The godfather,1972,Crime,175,134.966411,1.620367,78.0,98.0,73.0,71.0,85.0,97.0,77.0,74.0,86.0,72.0,61.0,73.0,73.0,60.0,74.0,85.0,60.0,98.0,76.0,96.0,92,80,97.0,91,100.0
The dark knight,2008,Action,152,534.858444,2.303232,97.0,98.0,66.0,82.0,82.0,72.0,73.0,75.0,89.0,80.0,82.0,71.0,71.0,92.0,68.0,69.0,76.0,97.0,64.0,74.0,90,95,74.0,70,84.0
The godfather part ii,1974,Crime,202,57.3,1.129952,72.0,78.0,70.0,68.0,95.0,67.0,81.0,100.0,78.0,63.0,78.0,86.0,71.0,83.0,73.0,63.0,87.0,61.0,83.0,75.0,90,82,75.0,91,90.0
12 angry men,1957,Crime,96,4.36,0.689845,90.0,76.0,68.0,96.0,79.0,90.0,63.0,83.0,64.0,69.0,82.0,63.0,70.0,86.0,60.0,71.0,89.0,89.0,90.0,67.0,90,81,80.0,86,96.0
The lord of the rings the return of the king,2003,Action,201,377.845905,1.642758,76.0,66.0,100.0,85.0,80.0,89.0,87.0,79.0,97.0,62.0,71.0,96.0,70.0,78.0,62.0,88.0,89.0,70.0,68.0,91.0,89,98,80.0,76,94.0
Pulp fiction,1994,Crime,154,107.928762,1.826188,76.0,70.0,64.0,86.0,96.0,99.0,65.0,81.0,92.0,97.0,99.0,63.0,90.0,67.0,85.0,60.0,61.0,63.0,85.0,66.0,89,97,96.0,74,94.0
Schindler's list,1993,Biography,195,96.898818,1.213505,72.0,95.0,93.0,84.0,76.0,95.0,71.0,72.0,91.0,80.0,99.0,77.0,91.0,99.0,64.0,89.0,100.0,98.0,74.0,60.0,89,85,72.0,80,94.0
Inception,2010,Action,148,292.576195,2.067042,87.0,73.0,64.0,64.0,67.0,87.0,96.0,92.0,76.0,74.0,69.0,67.0,79.0,82.0,68.0,63.0,68.0,85.0,72.0,87.0,88,70,72.0,84,74.0
Fight club,1999,Drama,139,37.030102,1.85474,69.0,82.0,62.0,60.0,84.0,88.0,82.0,75.0,76.0,89.0,94.0,87.0,99.0,86.0,94.0,73.0,94.0,75.0,97.0,65.0,88,95,92.0,92,66.0
The lord of the rings the fellowship of the ring,2001,Action,178,315.54475,1.661481,82.0,68.0,93.0,76.0,76.0,84.0,78.0,97.0,67.0,62.0,61.0,89.0,97.0,75.0,65.0,63.0,84.0,92.0,86.0,68.0,89,71,93.0,72,92.0
Forrest gump,1994,Drama,142,330.252182,1.809221,96.0,97.0,95.0,96.0,87.0,91.0,69.0,73.0,89.0,95.0,78.0,66.0,78.0,76.0,89.0,74.0,92.0,83.0,76.0,64.0,88,93,90.0,99,82.0
Il buono il brutto il cattivo,1966,Western,161,6.1,0.68839,87.0,65.0,60.0,92.0,97.0,94.0,93.0,80.0,81.0,95.0,64.0,74.0,61.0,66.0,80.0,78.0,95.0,71.0,69.0,93.0,93,71,92.0,72,90.0
The lord of the rings the two towers,2002,Action,179,342.551365,1.485555,84.0,76.0,73.0,74.0,69.0,76.0,86.0,90.0,66.0,92.0,100.0,79.0,83.0,88.0,77.0,90.0,91.0,70.0,82.0,99.0,95,99,70.0,96,87.0
The matrix,1999,Action,136,171.47993,1.676426,97.0,88.0,84.0,97.0,96.0,83.0,75.0,77.0,71.0,82.0,60.0,66.0,68.0,80.0,96.0,82.0,88.0,61.0,93.0,67.0,97,70,78.0,89,73.0
Goodfellas,1990,Biography,146,46.836394,1.020727,93.0,83.0,67.0,91.0,62.0,87.0,99.0,78.0,64.0,62.0,73.0,87.0,70.0,67.0,91.0,68.0,71.0,92.0,63.0,79.0,96,84,75.0,70,90.0
Star wars episode v  the empire strikes back,1980,Action,124,290.475067,1.159315,89.0,86.0,60.0,91.0,91.0,89.0,68.0,63.0,74.0,80.0,95.0,65.0,99.0,94.0,65.0,86.0,78.0,82.0,66.0,87.0,87,80,71.0,92,82.0
One flew over the cuckoos nest,1975,Drama,133,112.0,0.918088,88.0,78.0,90.0,100.0,76.0,98.0,68.0,100.0,76.0,94.0,76.0,97.0,77.0,85.0,64.0,80.0,87.0,72.0,86.0,90.0,98,86,87.0,82,83.0
Hamilton,2020,Biography,160,390.305102,0.055291,77.0,80.0,88.0,90.0,64.0,83.0,89.0,89.0,66.0,62.0,60.0,62.0,93.0,74.0,99.0,90.0,68.0,70.0,88.0,69.0,76,93,98.0,97,90.0
Gisaengchung,2019,Comedy,132,53.367844,0.552778,69.0,94.0,95.0,76.0,62.0,62.0,63.0,86.0,70.0,96.0,77.0,73.0,100.0,61.0,65.0,63.0,86.0,100.0,87.0,65.0,70,93,80.0,74,96.0
Soorarai pottru,2020,Drama,153,,0.054995,65.0,96.0,81.0,84.0,75.0,64.0,88.0,96.0,61.0,75.0,90.0,65.0,87.0,73.0,87.0,71.0,93.0,89.0,89.0,67.0,80,98,73.0,71,90.0
Interstellar,2014,Adventure,169,188.020017,1.51236,89.0,74.0,90.0,63.0,99.0,98.0,96.0,81.0,89.0,69.0,70.0,64.0,95.0,67.0,85.0,81.0,72.0,78.0,61.0,66.0,97,87,71.0,84,74.0
Cidade de deus,2002,Crime,130,7.563397,0.699256,63.0,91.0,76.0,100.0,97.0,69.0,77.0,67.0,91.0,63.0,63.0,96.0,84.0,91.0,90.0,100.0,68.0,64.0,76.0,99.0,"8,6",84,99.0,87,79.0
Sen to chihiro no kamikakushi,2001,Animation,125,10.055859,0.651376,76.0,87.0,61.0,81.0,81.0,98.0,72.0,70.0,78.0,66.0,74.0,87.0,83.0,92.0,67.0,81.0,82.0,74.0,77.0,72.0,89,76,96.0,88,96.0
Saving private ryan,1998,Drama,169,216.540909,1.235804,83.0,93.0,90.0,95.0,99.0,61.0,70.0,79.0,95.0,100.0,72.0,99.0,72.0,70.0,83.0,88.0,86.0,77.0,70.0,100.0,97,93,87.0,78,91.0
The green mile,1999,Crime,189,136.801374,1.147794,94.0,87.0,63.0,81.0,79.0,89.0,62.0,74.0,62.0,81.0,86.0,86.0,98.0,90.0,75.0,77.0,80.0,91.0,72.0,69.0,71,95,76.0,94,61.0
La vita e bella,1997,Comedy,116,57.598247,0.623629,84.0,83.0,100.0,67.0,96.0,68.0,97.0,69.0,98.0,61.0,99.0,78.0,63.0,70.0,62.0,70.0,83.0,80.0,78.0,83.0,97,76,83.0,99,59.0
Se7en,1995,Crime,127,100.125643,1.445096,87.0,82.0,88.0,96.0,81.0,100.0,66.0,82.0,73.0,87.0,88.0,65.0,95.0,71.0,88.0,71.0,71.0,62.0,95.0,71.0,94,78,95.0,94,65.0
The silence of the lambs,1991,Crime,118,130.742922,1.270197,87.0,85.0,98.0,97.0,94.0,95.0,85.0,98.0,83.0,93.0,75.0,90.0,83.0,91.0,91.0,88.0,92.0,67.0,80.0,79.0,71,72,78.0,89,85.0
Star wars,1977,Action,121,322.74014,1.231473,67.0,68.0,71.0,95.0,76.0,91.0,94.0,74.0,64.0,75.0,90.0,93.0,86.0,69.0,67.0,91.0,61.0,87.0,63.0,87.0,74,83,98.0,92,90.0
Seppuku,1962,Action,133,118.552281,0.042004,98.0,94.0,87.0,64.0,92.0,66.0,99.0,72.0,75.0,77.0,99.0,100.0,65.0,68.0,65.0,66.0,96.0,63.0,85.0,74.0,72,78,78.0,80,85.0
Shichinin no samurai,1954,Action,207,0.269061,0.315744,86.0,83.0,79.0,66.0,86.0,72.0,70.0,80.0,68.0,64.0,85.0,90.0,70.0,72.0,61.0,79.0,82.0,88.0,83.0,100.0,95,89,75.0,94,98.0
Its a wonderful life,1946,Drama,130,,0.405801,67.0,98.0,91.0,95.0,80.0,94.0,95.0,95.0,82.0,83.0,71.0,71.0,82.0,77.0,94.0,91.0,96.0,68.0,75.0,85.0,91,76,95.0,78,89.0
Joker,2019,Crime,122,335.451311,0.939252,80.0,72.0,79.0,89.0,94.0,70.0,74.0,76.0,83.0,80.0,71.0,70.0,69.0,73.0,77.0,83.0,75.0,73.0,86.0,90.0,79,86,89.0,86,59.0
Whiplash,2014,Drama,106,13.092,0.717585,88.0,97.0,65.0,60.0,76.0,76.0,75.0,85.0,89.0,81.0,72.0,84.0,86.0,79.0,88.0,66.0,85.0,99.0,88.0,83.0,87,90,89.0,84,88.0
The intouchables,2011,Biography,112,13.182281,0.76036,85.0,62.0,99.0,100.0,71.0,65.0,71.0,71.0,95.0,66.0,99.0,63.0,93.0,61.0,100.0,75.0,93.0,89.0,65.0,78.0,80,76,78.0,72,57.0
The prestige,2006,Drama,130,53.089891,1.190259,96.0,62.0,88.0,72.0,92.0,83.0,87.0,94.0,62.0,66.0,89.0,78.0,79.0,73.0,61.0,62.0,91.0,93.0,100.0,84.0,98,92,70.0,97,66.0
The departed,2006,Crime,151,132.384315,1.189773,92.0,72.0,67.0,69.0,75.0,88.0,65.0,67.0,79.0,88.0,69.0,81.0,97.0,86.0,83.0,92.0,76.0,99.0,99.0,92.0,94,85,89.0,90,85.0
The pianist,2002,Biography,150,32.572577,0.729603,99.0,99.0,62.0,77.0,83.0,76.0,69.0,71.0,85.0,98.0,91.0,80.0,65.0,69.0,94.0,93.0,100.0,69.0,84.0,81.0,75,95,90.0,75,85.0
Gladiator,2000,Action,155,187.705427,1.34146,91.0,66.0,68.0,63.0,68.0,79.0,71.0,97.0,79.0,76.0,97.0,73.0,87.0,95.0,61.0,100.0,76.0,82.0,96.0,93.0,74,100,97.0,76,67.0
American history x,1998,Drama,119,6.719864,1.034705,89.0,95.0,84.0,99.0,61.0,69.0,91.0,70.0,92.0,91.0,99.0,88.0,70.0,94.0,79.0,86.0,98.0,82.0,63.0,90.0,96,100,73.0,80,62.0
The usual suspects,1995,Crime,106,23.341568,0.991208,67.0,75.0,87.0,79.0,72.0,98.0,80.0,81.0,85.0,91.0,61.0,72.0,91.0,71.0,87.0,76.0,84.0,76.0,69.0,70.0,95,95,71.0,75,77.0
Leon,1994,Action,110,19.501238,1.035236,94.0,64.0,98.0,72.0,70.0,64.0,85.0,66.0,69.0,76.0,69.0,92.0,81.0,82.0,62.0,96.0,86.0,71.0,68.0,96.0,80,98,93.0,77,64.0
The lion king,1994,Animation,88,422.783777,0.942045,86.0,78.0,73.0,90.0,65.0,60.0,76.0,77.0,69.0,71.0,83.0,64.0,84.0,73.0,97.0,84.0,92.0,73.0,98.0,91.0,97,72,98.0,70,88.0
Ter ator 2 judgment day,1991,Action,137,204.84335,0.995506,91.0,75.0,79.0,96.0,62.0,90.0,63.0,96.0,89.0,97.0,70.0,85.0,76.0,89.0,80.0,80.0,75.0,69.0,62.0,82.0,94,91,99.0,89,75.0
Nuovo cinema paradiso,1988,Drama,155,11.990401,0.230763,89.0,69.0,74.0,99.0,60.0,87.0,87.0,77.0,73.0,69.0,96.0,79.0,80.0,66.0,89.0,73.0,76.0,94.0,78.0,89.0,94,74,84.0,76,80.0
Hotaru no haka,1988,Animation,89,,0.235231,69.0,81.0,64.0,85.0,91.0,75.0,76.0,64.0,91.0,88.0,70.0,70.0,87.0,77.0,64.0,79.0,83.0,74.0,67.0,100.0,80,77,86.0,78,94.0
Back to the future,1985,Adventure,116,210.609762,1.058081,71.0,68.0,78.0,80.0,65.0,71.0,70.0,63.0,61.0,71.0,69.0,64.0,95.0,91.0,71.0,65.0,72.0,85.0,83.0,100.0,71,84,87.0,76,87.0
Once upon a time in the west,1968,Western,165,5.321508,0.302844,80.0,84.0,88.0,69.0,76.0,74.0,83.0,93.0,100.0,79.0,82.0,78.0,67.0,87.0,83.0,71.0,84.0,74.0,70.0,98.0,89,91,85.0,100,80.0
Psycho,1960,Horror,109,0.522093,1.02456,77.0,64.0,67.0,72.0,80.0,61.0,93.0,76.0,85.0,80.0,76.0,75.0,80.0,75.0,84.0,83.0,81.0,61.0,87.0,93.0,90,96,88.0,71,
Ford vs ferrari,2019,Sport,152,97.6,225.5,,70.0,85.0,,,,80.0,70.0,75.0,,,80.0,80.0,70.0,85.0,75.0,,70.0,,,81,92,81.0,78,
Monster inc,2001,Comedy,92,115.0,579.7,80.0,90.0,85.0,75.0,95.0,,80.0,85.0,90.0,90.0,90.0,80.0,75.0,70.0,,,90.0,95.0,10.0,80.0,81,96,79.0,82,80.0
Mad max fury road,2015,Action,120,150.0,380.418444,,70.0,80.0,85.0,90.0,,,70.0,75.0,85.0,80.0,80.0,80.0,,90.0,,85.0,70.0,70.0,70.0,81,97,90.0,84,
Hacksaw ridge,2016,Thriller,139,40.0,180.563636,,,,,,90.0,80.0,75.0,70.0,80.0,85.0,85.0,80.0,80.0,80.0,,70.0,75.0,60.0,80.0,81,84,71.0,78,95.0
Catch me if you can,2002,Crime,141,52.0,352.114312,,,95.0,90.0,80.0,85.0,,,,70.0,,85.0,80.0,90.0,90.0,90.0,,,70.0,75.0,81,96,75.0,80,82.0
Jaws,1975,Thriller,124,7.0,477.22058,65.0,,,70.0,75.0,75.0,80.0,85.0,80.0,70.0,90.0,70.0,70.0,70.0,,,75.0,,80.0,80.0,81,97,87.0,80,
How to train your dragon,2010,Action,98,165.0,494.879471,90.0,90.0,10.0,95.0,85.0,85.0,90.0,90.0,90.0,80.0,85.0,,,70.0,,85.0,90.0,90.0,80.0,90.0,81,99,75.0,80,90.0
Spiderman no way home,2021,Action,148,200.0,1921.847111,80.0,90.0,95.0,95.0,80.0,70.0,75.0,85.0,,80.0,80.0,80.0,80.0,75.0,80.0,80.0,80.0,80.0,75.0,70.0,82,93,71.0,76,90.0
Inside out,2015,Comedy,95,175.0,858.848019,85.0,90.0,95.0,95.0,95.0,90.0,85.0,80.0,85.0,70.0,80.0,80.0,80.0,,90.0,90.0,,85.0,85.0,80.0,81,98,94.0,76,92.0
V for vendetta,2005,Action,132,54.0,134.686457,,,,,,,80.0,85.0,70.0,70.0,70.0,70.0,75.0,,,,80.0,85.0,70.0,70.0,82,73,62.0,76,
Ratatouille,2007,Comedy,111,150.0,623.726085,80.0,90.0,90.0,90.0,95.0,85.0,80.0,75.0,90.0,90.0,85.0,85.0,,80.0,80.0,80.0,85.0,95.0,95.0,95.0,81,96,96.0,84,95.0
The wolf of wall street,2013,Crime,180,100.0,406.878233,,75.0,70.0,70.0,80.0,80.0,85.0,85.0,90.0,90.0,90.0,95.0,,,,60.0,80.0,70.0,65.0,80.0,82,80,75.0,80,85.0
Batman begins,2005,Action,140,150.0,375.298946,,80.0,85.0,90.0,90.0,90.0,,80.0,80.0,80.0,75.0,70.0,65.0,80.0,80.0,85.0,,,80.0,90.0,81,85,70.0,76,80.0
Avengers infinity war,2018,Action,149,321.0,2052.415039,95.0,90.0,90.0,90.0,90.0,95.0,80.0,80.0,85.0,75.0,80.0,80.0,85.0,,90.0,90.0,90.0,95.0,10.0,80.0,84,85,68.0,80,90.0
Batman the dark night rises,2012,Action,164,250.0,1114.08503,,80.0,80.0,80.0,80.0,85.0,,,,80.0,80.0,80.0,80.0,80.0,80.0,80.0,80.0,80.0,80.0,80.0,84,87,78.0,74,85.0
Rocky,1976,Sport,120,0.96,117.250587,80.0,,,,70.0,80.0,75.0,75.0,75.0,80.0,80.0,80.0,80.0,95.0,95.0,90.0,90.0,90.0,90.0,80.0,81,92,70.0,82,80.0
Logan,2017,Action,137,97.0,619.17995,70.0,,80.0,80.0,80.0,80.0,80.0,80.0,85.0,70.0,70.0,50.0,40.0,65.0,65.0,,70.0,,,,81,93,77.0,82,
Avengers endgame,2019,Action,181,356.0,2799.4391,10.0,90.0,90.0,90.0,90.0,90.0,90.0,90.0,95.0,10.0,10.0,10.0,,80.0,85.0,90.0,90.0,85.0,80.0,80.0,84,94,78.0,78,95.0
Hotel rwanda,2004,War,121,17.5,33.882243,,,,,,,,,,80.0,70.0,70.0,70.0,70.0,70.0,,,,,,81,91,79.0,76,
Transformers age of exctintion,2014,Action,165,210.0,1104.054072,40.0,60.0,60.0,60.0,60.0,60.0,65.0,70.0,80.0,80.0,70.0,,,,80.0,,60.0,65.0,50.0,50.0,56,18,32.0,40,60.0
The exorcist,1973,Horror,122,11.0,441.306145,85.0,,,70.0,80.0,85.0,70.0,70.0,60.0,90.0,85.0,80.0,80.0,70.0,90.0,90.0,90.0,70.0,75.0,70.0,81,78,82.0,80,
Rush,2013,Sport,123,38.0,96.983009,,,,,,,70.0,80.0,80.0,70.0,75.0,80.0,80.0,70.0,70.0,70.0,,,,85.0,81,88,74.0,76,
Pirates of the caribbean the curse of the black pearl,2003,Adventure,143,140.0,654.264015,,80.0,60.0,60.0,70.0,80.0,70.0,60.0,80.0,80.0,90.0,90.0,70.0,60.0,80.0,80.0,85.0,75.0,,,81,80,63.0,78,70.0
The incredibles,2004,Action,115,92.0,631.68465,75.0,10.0,90.0,90.0,90.0,90.0,85.0,80.0,80.0,,,,75.0,70.0,90.0,90.0,85.0,90.0,85.0,90.0,80,97,90.0,82,85.0
Hachi a dogs tale,2009,Drama,93,16.0,46.749646,90.0,,80.0,,,70.0,90.0,85.0,70.0,70.0,75.0,60.0,65.0,80.0,90.0,,80.0,85.0,70.0,70.0,81,64,86.0,74,90.0
The iron giant,1999,Sci-fi,86,70.0,23.335817,70.0,85.0,80.0,80.0,80.0,70.0,75.0,90.0,95.0,85.0,70.0,,,60.0,70.0,80.0,80.0,80.0,90.0,80.0,81,96,85.0,84,90.0
Oppenheimer,2023,Thriller,180,100.0,957.589135,90.0,80.0,90.0,90.0,85.0,85.0,70.0,85.0,75.0,,,,80.0,85.0,80.0,80.0,80.0,90.0,95.0,90.0,84,93,90.0,84,90.0
Braveheart,1995,War,178,72.0,213.216216,,,,,,70.0,,,70.0,,80.0,80.0,75.0,75.0,75.0,,,,,,83,76,68.0,78,
Coco,2017,Fantasy,105,175.0,814.337054,80.0,90.0,90.0,90.0,90.0,90.0,90.0,90.0,90.0,85.0,85.0,85.0,70.0,80.0,80.0,80.0,,70.0,,,84,97,81.0,82,85.0
Spiderman into the spiderverse,2018,Action,117,90.0,384.298736,,80.0,90.0,85.0,80.0,80.0,90.0,95.0,85.0,90.0,80.0,80.0,75.0,,80.0,80.0,80.0,,75.0,85.0,84,97,87.0,88,90.0
Indiana jones and the last crusade,1989,Adventure,127,48.0,474.171806,85.0,,,,60.0,70.0,70.0,70.0,80.0,75.0,60.0,65.0,70.0,70.0,70.0,,,,80.0,80.0,82,84,65.0,82,70.0
1917,2019,War,119,95.0,384.579982,,,,,60.0,70.0,70.0,,80.0,75.0,60.0,65.0,70.0,70.0,70.0,,,,80.0,80.0,82,89,78.0,82,80.0
Top gun maverick,2022,Action,130,170.0,1495.696292,90.0,,,,60.0,70.0,70.0,,80.0,75.0,60.0,65.0,70.0,70.0,70.0,,,,80.0,80.0,82,96,78.0,80,
Green book,2018,Comedy,130,23.0,321.752656,,80.0,90.0,90.0,90.0,90.0,80.0,10.0,95.0,75.0,,,,,,,70.0,70.0,85.0,80.0,82,77,69.0,74,90.0
No time to die,2021,Action,163,250.0,774.153007,85.0,80.0,85.0,70.0,75.0,70.0,70.0,70.0,,,90.0,80.0,80.0,80.0,85.0,,80.0,70.0,80.0,75.0,73,83,68.0,70,90.0
Godzila vs kong,2021,Action,113,200.0,470.116094,65.0,70.0,80.0,75.0,75.0,60.0,85.0,80.0,80.0,80.0,75.0,,65.0,60.0,60.0,75.0,70.0,80.0,75.0,80.0,63,76,59.0,56,75.0
Kong skull island,2017,Action,118,185.0,568.652812,,,80.0,85.0,75.0,75.0,80.0,80.0,80.0,85.0,85.0,75.0,75.0,,,,70.0,75.0,70.0,,67,75,62.0,60,80.0
Godzilla,2014,Action,123,160.0,524.976069,70.0,80.0,85.0,70.0,75.0,70.0,70.0,70.0,70.0,,80.0,,,90.0,80.0,85.0,70.0,70.0,75.0,80.0,64,76,62.0,60,80.0
Godzilla king of the monster,2019,Sci-fi,132,170.0,387.300138,80.0,70.0,90.0,85.0,75.0,70.0,80.0,80.0,80.0,,80.0,,,75.0,90.0,80.0,80.0,75.0,80.0,80.0,60,42,48.0,56,80.0
Blackwidow,2021,Action,134,200.0,379.751655,70.0,75.0,,,,70.0,80.0,75.0,70.0,70.0,70.0,90.0,80.0,,70.0,80.0,85.0,70.0,70.0,80.0,67,79,68.0,58,75.0
Thor love and thunder,2022,Action,118,250.0,760.928081,90.0,80.0,60.0,65.0,70.0,,85.0,70.0,70.0,75.0,60.0,70.0,,,80.0,80.0,85.0,70.0,70.0,70.0,62,63,57.0,50,65.0
Black panter,2018,Action,134,200.0,1349.926083,90.0,85.0,90.0,90.0,,70.0,85.0,80.0,80.0,80.0,75.0,80.0,85.0,80.0,90.0,75.0,,70.0,80.0,80.0,73,96,88.0,72,85.0
Antman and the wasp quantumania,2023,Action,124,200.0,476.07118,70.0,75.0,70.0,70.0,70.0,60.0,70.0,65.0,80.0,70.0,75.0,,80.0,75.0,80.0,80.0,70.0,,80.0,85.0,61,46,48.0,46,70.0
Guardians of the galaxy,2014,Action,121,170.0,773.350147,90.0,85.0,90.0,80.0,80.0,70.0,90.0,85.0,,70.0,70.0,70.0,80.0,85.0,90.0,90.0,80.0,85.0,75.0,80.0,80,92,76.0,76,90.0
Captain america civil war,2016,Action,147,250.0,1155.046416,80.0,85.0,90.0,90.0,95.0,80.0,80.0,85.0,70.0,85.0,80.0,80.0,80.0,80.0,,90.0,90.0,85.0,80.0,80.0,78,91,75.0,72,90.0
Black panter wakanda forever,2022,Action,161,250.0,859.208836,70.0,80.0,75.0,75.0,75.0,80.0,80.0,80.0,,80.0,85.0,80.0,80.0,85.0,70.0,85.0,80.0,80.0,80.0,80.0,67,83,67.0,68,75.0
The batman,2022,Crime,176,185.0,772.245583,85.0,80.0,80.0,70.0,75.0,70.0,70.0,70.0,,,80.0,85.0,90.0,,80.0,85.0,70.0,85.0,80.0,80.0,78,85,72.0,80,92.0
Eternals,2021,Action,156,200.0,402.064899,75.0,80.0,70.0,70.0,70.0,70.0,70.0,85.0,80.0,85.0,80.0,,,80.0,85.0,80.0,70.0,70.0,85.0,70.0,63,47,52.0,56,80.0
Transformers,2007,Action,144,150.0,709.70978,80.0,80.0,70.0,75.0,70.0,70.0,75.0,80.0,75.0,75.0,80.0,80.0,75.0,70.0,70.0,70.0,70.0,85.0,70.0,70.0,70,57,61.0,62,80.0
Jurassic world,2015,Action,124,150.0,1671.537444,80.0,85.0,70.0,70.0,70.0,85.0,90.0,70.0,75.0,80.0,75.0,90.0,90.0,,70.0,,80.0,80.0,85.0,70.0,69,71,59.0,60,90.0
Singing in the rain ,1952,Comedy,103,2.5408,2.000288,30.0,70.0,85.0,80.0,60.0,35.0,83.0,78.0,92.0,55.0,67.0,68.0,60.0,37.0,83.0,78.0,50.0,59.0,61.0,59.0,83,100,99.0,"4,3",80.0
Seven samurai,1954,Action,207,0.8335,0.346258,15.0,78.0,60.0,70.0,,80.0,63.0,61.0,69.0,80.0,71.0,73.0,82.0,22.0,88.0,78.0,,44.0,45.0,41.0,86,97,98.0,"4,6",
The grand budapest hotel,2014,Adventure,99,25.0,174.56328,80.0,60.0,65.0,90.0,84.0,,92.0,87.0,86.0,94.0,89.0,92.0,91.0,87.0,75.0,73.0,70.0,,78.0,,81,92,88.0,"4,2",75.0
First blood,1982,Action,93,15.0,125.212904,45.0,90.0,100.0,65.0,88.0,92.0,90.0,95.0,91.0,75.0,89.0,91.0,84.0,52.0,80.0,82.0,80.0,80.0,81.0,76.0,77,86,61.0,"3,8",90.0
Spotlight 1,2015,Biography,129,20.0,98.690254,40.0,80.0,85.0,,75.0,,,80.0,71.0,63.0,72.0,75.0,,47.0,81.0,75.0,82.0,74.0,75.0,67.0,81,97,93.0,"4,1",85.0
Pirates of the caribbean the curse of the black pearl ,2003,Action,143,140.0,654.264015,87.0,90.0,95.0,96.0,90.0,87.0,90.0,98.0,89.0,83.0,90.0,93.0,89.0,94.0,95.0,90.0,70.0,89.0,90.0,91.0,81,80,63.0,"3,9",98.0
Alien,1979,Horror,117,11.0,106.285522,15.0,70.0,50.0,90.0,83.0,,80.0,56.0,97.0,,79.0,82.0,85.0,22.0,70.0,65.0,80.0,54.0,54.0,41.0,85,93,89.0,"4,3",87.0
Aliens,1986,Action,137,18.5,131.060248,20.0,70.0,55.0,85.0,70.0,,85.0,60.0,90.0,,76.0,80.0,72.0,27.0,80.0,82.0,81.0,57.0,58.0,45.0,84,98,84.0,"4,2",80.0
Gladiator ,2000,Action,155,103.0,465.380802,50.0,87.0,80.0,92.0,96.0,,90.0,96.0,85.0,76.0,89.0,91.0,88.0,57.0,90.0,88.0,80.0,75.0,76.0,,85,79,67.0,"4,1",94.0
The silence of the lambs ,1991,Crime,118,19.0,272.742922,63.0,80.0,90.0,80.0,,90.0,54.0,70.0,82.0,,74.0,77.0,,70.0,,87.0,80.0,,84.0,80.0,86,95,86.0,"4,3",
Forrest gump ,1994,Drama,142,55.0,678.226465,58.0,90.0,93.0,92.0,89.0,96.0,97.0,93.0,95.0,90.0,93.0,96.0,92.0,65.0,90.0,92.0,88.0,85.0,86.0,80.0,88,71,82.0,"4,1",91.0
Scarface,1983,Crime,170,25.0,66.443303,72.0,90.0,90.0,85.0,76.0,,95.0,97.0,98.0,96.0,92.0,96.0,88.0,79.0,85.0,83.0,80.0,86.0,,84.0,83,79,65.0,"4,1",98.0
No country for old men ,2007,Crime,122,25.0,171.62774,80.0,85.0,85.0,,73.0,,70.0,79.0,64.0,73.0,72.0,75.0,75.0,87.0,,80.0,81.0,87.0,88.0,85.0,82,93,92.0,"4,3",
A clockwork orange ,1971,Crime,136,2.2,26.960374,10.0,70.0,75.0,92.0,83.0,,90.0,97.0,94.0,87.0,90.0,94.0,87.0,17.0,75.0,80.0,75.0,59.0,59.0,49.0,83,87,77.0,"4,1",60.0
Blood diamond,2006,Adventure,143,100.0,171.720398,38.0,82.0,90.0,,70.0,63.0,,75.0,45.0,91.0,,72.0,83.0,45.0,80.0,75.0,70.0,71.0,72.0,,80,63,64.0,"3,7",78.0
The social network ,2010,Biography,120,40.0,224.920375,71.0,82.0,80.0,,90.0,78.0,90.0,100.0,97.0,96.0,92.0,95.0,95.0,78.0,78.0,,80.0,,83.0,79.0,78,96,95.0,4,97.0
Stand by me ,1986,Adventure,89,8.0,52.287414,87.0,77.0,75.0,85.0,,,96.0,,,85.0,91.0,94.0,87.0,94.0,85.0,83.0,81.0,86.0,87.0,84.0,81,92,75.0,"4,1",
A fistful of dollars ,1964,Action,99,0.2,14.516248,,80.0,70.0,,75.0,73.0,,70.0,84.0,,76.0,79.0,77.0,73.0,80.0,,79.0,77.0,78.0,75.0,79,98,65.0,"3,9",
For a few dollars more ,1965,Drama,132,0.6,15.0,,82.0,75.0,83.0,76.0,,,63.0,79.0,,73.0,75.0,78.0,57.0,85.0,82.0,82.0,74.0,75.0,76.0,82,92,74.0,"4,2",
Life of brian ,1979,Comedy,94,4.0,20.745728,25.0,65.0,70.0,,,78.0,,80.0,45.0,92.0,74.0,77.0,94.0,32.0,75.0,78.0,80.0,64.0,64.0,54.0,80,96,77.0,4,
Lawrence of arabia ,1962,Adventure,218,15.0,45.720631,40.0,60.0,70.0,76.0,83.0,80.0,75.0,62.0,46.0,84.0,72.0,74.0,86.0,47.0,85.0,83.0,,62.0,63.0,58.0,83,92,100.0,"4,4",
Dial m for murder ,1954,Crime,105,1.4,0.042915,90.0,60.0,70.0,84.0,,78.0,95.0,62.0,87.0,83.0,81.0,,85.0,97.0,80.0,82.0,70.0,82.0,83.0,82.0,82,90,75.0,"4,1",80.0
There will be blood ,2007,Drama,158,25.0,76.182388,92.0,75.0,90.0,,80.0,75.0,75.0,73.0,81.0,76.0,77.0,80.0,80.0,99.0,75.0,78.0,82.0,93.0,94.0,93.0,82,91,93.0,"4,5",96.0
Finding nemo ,2003,Animation,100,94.0,941.63796,98.0,90.0,95.0,100.0,98.0,95.0,95.0,93.0,94.0,97.0,95.0,98.0,100.0,,90.0,92.0,85.0,93.0,,96.0,82,99,90.0,4,81.0
The pursuit of happyness ,2006,Biography,117,55.0,307.127625,30.0,95.0,95.0,98.0,93.0,,92.0,83.0,86.0,94.0,90.0,92.0,96.0,37.0,95.0,90.0,,69.0,70.0,66.0,80,67,64.0,"3,9",99.0
Iron man ,2008,Action,126,140.0,585.796247,97.0,97.0,95.0,100.0,97.0,95.0,99.0,100.0,95.0,97.0,97.0,100.0,99.0,,98.0,90.0,85.0,93.0,94.0,96.0,79,94,79.0,"3,7",91.0
The wizard of oz ,1939,Adventure,102,2.777,25.637669,20.0,88.0,90.0,90.0,,88.0,80.0,86.0,94.0,73.0,,87.0,75.0,27.0,70.0,80.0,85.0,,71.0,61.0,81,98,92.0,4,
Eyes wide shut ,1999,Drama,159,65.0,162.257226,65.0,85.0,80.0,,65.0,76.0,,73.0,61.0,64.0,68.0,71.0,67.0,72.0,74.0,72.0,78.0,80.0,80.0,76.0,75,76,69.0,4,
The gold rush ,1925,Adventure,95,0.923,4.25,50.0,90.0,70.0,77.0,84.0,70.0,,53.0,,,69.0,70.0,86.0,12.0,75.0,81.0,90.0,60.0,61.0,,81,100,,"4,1",
Rebecca,1940,Drama,130,1.288,6.00237,10.0,60.0,60.0,80.0,,,73.0,61.0,63.0,,66.0,69.0,,17.0,82.0,,81.0,56.0,56.0,43.0,81,98,86.0,"4,1",70.0
Signs ,2002,Drama,106,72.0,408.247917,36.0,70.0,75.0,88.0,80.0,,83.0,86.0,84.0,90.0,85.0,88.0,87.0,43.0,65.0,60.0,67.0,65.0,65.0,60.0,68,75,59.0,"3,4",97.0
The avengers ,2012,Action,143,220.0,1520.538536,95.0,88.0,80.0,98.0,100.0,88.0,100.0,94.0,97.0,93.0,95.0,98.0,99.0,,90.0,92.0,88.0,87.0,,88.0,80,91,69.0,"3,6",72.0
The bourne ultimatum ,2007,Action,115,110.0,444.100035,85.0,85.0,,76.0,74.0,70.0,73.0,,60.0,73.0,70.0,,76.0,92.0,78.0,85.0,80.0,89.0,90.0,88.0,80,92,85.0,"3,7",
Monty python and the holy grail ,1975,Adventure,91,0.289849,2.675602,30.0,63.0,70.0,88.0,77.0,,77.0,62.0,74.0,48.0,68.0,70.0,65.0,37.0,,82.0,,57.0,58.0,53.0,82,96,91.0,"4,1",83.0
Cast away ,2000,Adventure,143,90.0,429.632142,70.0,78.0,75.0,82.0,80.0,,70.0,93.0,66.0,87.0,79.0,82.0,86.0,77.0,76.0,70.0,80.0,80.0,81.0,76.0,78,89,73.0,"3,9",90.0
Die hard ,1988,Action,132,28.0,143.65165,75.0,95.0,80.0,96.0,94.0,100.0,78.0,97.0,73.0,83.0,88.0,90.0,91.0,82.0,85.0,83.0,78.0,83.0,84.0,80.0,82,94,72.0,"4,1",
Requiem for a dream ,2000,Drama,103,4.5,7.390108,63.0,75.0,70.0,87.0,78.0,79.0,97.0,46.0,58.0,,72.0,74.0,,70.0,85.0,88.0,90.0,80.0,80.0,72.0,83,78,71.0,"4,1",80.0
Willy wonka and the chocolate factory ,1971,Fantasy,100,3.0,0.62286,53.0,80.0,95.0,70.0,74.0,68.0,92.0,86.0,97.0,44.0,77.0,80.0,61.0,60.0,95.0,97.0,92.0,,86.0,79.0,78,92,67.0,"3,8",90.0
127 hours ,2010,Biography,94,180.0,60.738797,30.0,90.0,80.0,,73.0,90.0,,44.0,86.0,94.0,77.0,80.0,86.0,37.0,60.0,65.0,55.0,60.0,61.0,58.0,75,93,82.0,"3,5",96.0
Ter ator 2 judgment day ,1991,Action,137,102.0,520.881154,20.0,85.0,85.0,93.0,87.0,98.0,90.0,86.0,89.0,94.0,,94.0,93.0,27.0,92.0,94.0,90.0,70.0,71.0,59.0,86,91,75.0,"4,3",99.0
Reservoir dogs ,1992,Crime,99,1.2,2.913644,79.0,75.0,70.0,87.0,,78.0,67.0,80.0,61.0,50.0,67.0,70.0,52.0,86.0,,84.0,83.0,83.0,83.0,78.0,83,90,81.0,"4,2",
Metropolis,1927,Drama,153,1.5,1.2,80.0,70.0,,95.0,90.0,88.0,87.0,,,74.0,85.0,87.0,84.0,87.0,83.0,,90.0,92.0,93.0,87.0,83,97,98.0,"4,3",
The kid ,1921,Comedy,68,0.25,0.04196,,72.0,80.0,88.0,74.0,93.0,,64.0,53.0,87.0,74.0,77.0,83.0,,78.0,70.0,75.0,81.0,82.0,81.0,82,100,,"4,2",
Rosemarys baby,1968,Drama,137,3.2,33.39708,90.0,80.0,85.0,76.0,74.0,,46.0,85.0,52.0,90.0,69.0,72.0,84.0,97.0,60.0,75.0,78.0,90.0,90.0,89.0,80,96,96.0,"4,2",
Evil dead 2 ,1987,Horror,84,3.6,5.924421,87.0,60.0,,,72.0,,70.0,83.0,65.0,,73.0,76.0,,94.0,70.0,72.0,75.0,88.0,89.0,88.0,77,87,72.0,4,
Raiders of the lost ark ,1981,Action,115,18.0,389.925971,69.0,80.0,80.0,87.0,80.0,76.0,94.0,85.0,87.0,92.0,86.0,,88.0,76.0,82.0,88.0,75.0,80.0,81.0,77.0,84,93,86.0,"4,2",96.0
North by northwest,1959,Action,136,3.101,0.14477,29.0,,85.0,80.0,,73.0,72.0,,83.0,87.0,79.0,82.0,89.0,36.0,,,,64.0,65.0,60.0,83,97,98.0,"4,2",
Old boy,2003,Drama,120,3.0,15.2,85.0,,82.0,77.0,88.0,85.0,,,86.0,99.0,,,,,,92.0,90.0,,,,84,82,77.0,84,90.0
Fantastic planet,1973,Animation,72,,,,81.0,88.0,,,,,,88.0,89.0,,,,,,,,,68.0,,78,90,89.0,82,80.0
A trip to the moon,1902,Adventure,14,,,,,,,,,,,90.0,69.0,,,91.0,97.0,65.0,,,,,,82,100,100.0,78,82.0
2001 a space odyssey,1968,Adventure,149,12.0,146.9,,98.0,86.0,,97.0,88.0,,,,,,91.0,96.0,88.0,,95.0,,81.0,91.0,97.0,83,92,82.0,84,95.0
Soul,2020,Animation,100,150.0,120.6,82.0,94.0,,86.0,99.0,86.0,99.0,,71.0,81.0,89.0,61.0,61.0,91.0,91.0,96.0,74.0,74.0,70.0,86.0,81,95,83.0,82,87.0
Taken,2008,Action,93,25.0,226.8,,,,88.0,89.0,88.0,89.0,91.0,,,91.0,,,,,,,,,,78,58,50.0,70,85.0
The untouchables,1987,Crime,119,25.0,106.2,95.0,,,90.0,69.0,90.0,69.0,,,,,,,97.0,97.0,,,,,92.0,79,81,79.0,76,70.0
American gangster,2007,Biography,157,100.0,266.5,,,,,,,97.0,,,,95.0,,,,,,,,,,78,80,76.0,74,80.0
Unbreakable,2000,Drama,106,75.0,248.1,,,,,,,,,,91.0,,65.0,,86.0,99.0,,,,,,73,70,62.0,72,86.0
Mission impossible ghost protocol,2011,Action,132,145.0,694.7,,90.0,90.0,,66.0,,,,95.0,94.0,99.0,,,88.0,89.0,,96.0,81.0,95.0,100.0,74,93,73.0,76,74.0
Room,2015,Drama,118,13.0,36.3,,,,,,,,,67.0,81.0,,,,90.0,69.0,88.0,89.0,,,,81,93,86.0,80,86.0
Slumdog millionare,2008,Drama,120,15.0,377.9,,,,,72.0,84.0,88.0,,,,,62.0,,94.0,,,,,96.0,87.0,80,91,86.0,78,
Big fish,2003,Adventure,125,70.0,122.9,,,,88.0,,,,,88.0,,,,,,,,94.0,,,,80,75,58.0,76,
American psycho,2000,Crime,102,7.0,34.3,81.0,,,,98.0,81.0,,,97.0,88.0,95.0,64.0,,,,,,,88.0,93.0,76,68,64.0,74,87.0
Apocalypse now,1979,Drama,147,31.5,150.0,,82.0,,,,,82.0,,70.0,,,,65.0,,86.0,,,,,,84,97,94.0,84,90.0
The outlaw josey wales,1976,Western,135,3.7,31.8,,,,,68.0,,,,,,,,,,,,,,,,78,94,82.0,76,
The hustler,1961,Drama,134,2.0,7.6,,,,,,,,,,,,92.0,91.0,84.0,,,,,,,80,97,97.0,80,
Jurassic park ,1993,Adventure,127,63.0,1033.0,96.0,87.0,,73.0,91.0,91.0,88.0,89.0,65.0,97.0,98.0,81.0,95.0,,83.0,97.0,91.0,,93.0,92.0,81,91,68.0,78,80.0
Midnight in paris,2011,Comedy,94,17.0,151.1,,,,66.0,,,90.0,,,70.0,,,,,,,,,,,77,93,81.0,78,
Nightmare on elm street,1984,Horror,91,1.8,57.0,98.0,,,62.0,99.0,97.0,91.0,94.0,100.0,75.0,,,,66.0,86.0,90.0,82.0,,,,75,94,76.0,70,65.0
Sleeping beauty,1959,Animation,75,6.0,51.6,100.0,80.0,80.0,78.0,67.0,,92.0,90.0,,88.0,86.0,99.0,94.0,85.0,90.0,100.0,89.0,89.0,91.0,68.0,72,90,75.0,72,74.0
Doctor strange,2016,Action,115,165.0,677.7,89.0,82.0,82.0,,89.0,86.0,93.0,72.0,80.0,91.0,88.0,,,,84.0,88.0,95.0,,95.0,98.0,75,89,72.0,76,70.0
The deer hunter,1978,Drama,183,15.0,49.0,,,,,,,94.0,,,,,,,,,,,,,,81,94,89.0,82,70.0
The blind side,2009,Biography,129,29.0,309.2,,88.0,86.0,99.0,94.0,92.0,95.0,65.0,,97.0,91.0,94.0,100.0,98.0,81.0,95.0,,,,79.0,76,66,53.0,70,
Avatar the way of water,2022,Action,156,250.0,531.0,91.0,91.0,88.0,89.0,65.0,91.0,88.0,89.0,65.0,83.0,,90.0,69.0,,99.0,82.0,86.0,90.0,90.0,95.0,76,76,83.0,72,75.0
John wick 2,2017,Action,122,40.0,171.5,94.0,94.0,90.0,69.0,,,,,73.0,86.0,93.0,72.0,80.0,68.0,93.0,96.0,,100.0,92.0,67.0,75,89,75.0,76,70.0
War of the planet of the apes,2017,Action,140,150.0,490.7,97.0,97.0,91.0,94.0,,,,,,,94.0,96.0,96.0,76.0,87.0,,,,,61.0,74,94,82.0,76,78.0
Rain man,1988,Drama,133,25.0,354.8,,,,,,83.0,86.0,99.0,,,,,,,,,,,,,80,90,65.0,76,
Point break,1991,Action,122,24.0,83.5,88.0,86.0,93.0,,,,88.0,89.0,,,96.0,74.0,74.0,70.0,94.0,,,,98.0,,73,68,58.0,70,
Lock stock and two smoking barrels,1998,Comedy,107,1.35,28.1,,,,,,,,,,,,,,,,,,96.0,,,82,76,66.0,78,
Escape from alcatraz,1979,Biography,112,8.0,43.0,,,,,74.0,92.0,,,,84.0,,,92.0,,,,,,,,76,95,76.0,76,80.0
Sleuth,1972,Crime,138,5.5,5.8,,,,,,,,89.0,,,,,,,,94.0,,,,,80,90,82.0,78,70.0
Men in black,1997,Action,98,90.0,589.4,82.0,100.0,98.0,,83.0,94.0,90.0,69.0,73.0,90.0,,,87.0,,92.0,95.0,94.0,,69.0,73.0,73,92,58.0,74,76.0
Training day,2001,Crime,122,45.0,104.9,,,,100.0,,,,,,,83.0,84.0,86.0,65.0,,,,,,,77,72,69.0,74,75.0
Gandhi,1982,Biography,191,22.0,127.8,86.0,87.0,,,,,,90.0,69.0,,85.0,,64.0,73.0,94.0,90.0,,92.0,90.0,69.0,80,85,79.0,78,76.0
Warrior,2011,Action,140,25.0,23.3,80.0,,,,,,,,,,,,,100.0,97.0,,,,72.0,80.0,82,83,71.0,78,
Platoon,1986,Drama,120,6.0,138.5,,,,,,,,,,94.0,92.0,80.0,86.0,99.0,,,,,,,81,88,92.0,80,80.0
The skin i live in,2011,Drama,120,13.5,30.9,87.0,,,93.0,93.0,,,,,,,,88.0,89.0,,,86.0,99.0,,94.0,76,80,70.0,76,
The big lebowski,1998,Comedy,117,15.0,46.2,,,,,,,,88.0,,,,,90.0,69.0,,,88.0,89.0,,,81,82,71.0,80,70.0
Zodiac,2007,Crime,157,65.0,84.8,,82.0,,,,86.0,99.0,,,,,,70.0,74.0,,,90.0,69.0,,,77,89,78.0,78,84.0
Blade runner,1982,Action,117,28.0,33.8,91.0,85.0,93.0,63.0,,88.0,89.0,,94.0,,,88.0,95.0,82.0,85.0,,64.0,73.0,,90.0,81,90,84.0,80,90.0
Taxi driver,1976,Crime,113,1.3,28.3,97.0,88.0,,,,90.0,69.0,92.0,90.0,80.0,,,,,,,,100.0,97.0,,83,95,94.0,82,86.0
Et,1982,Family,115,10.5,792.9,83.0,91.0,,,,,,,72.0,96.0,89.0,,61.0,91.0,89.0,,90.0,69.0,83.0,,78,98,91.0,80,75.0
Blade runnner 2049,2017,Action,164,150.0,260.5,,94.0,99.0,,66.0,,89.0,94.0,,,91.0,62.0,,94.0,,80.0,68.0,80.0,86.0,93.0,80,88,81.0,80,90.0
Avatar,2009,Action,162,237.0,2924.0,84.0,97.0,80.0,67.0,67.0,96.0,92.0,95.0,65.0,85.0,93.0,63.0,63.0,97.0,91.0,,76.0,96.0,,94.0,78,82,83.0,78,70.0
Scott pilgrim vs the world,2010,Action,112,85.0,48.1,,83.0,82.0,68.0,,,95.0,,,,95.0,64.0,,,,,96.0,,,65.0,75,82,69.0,76,84.0
Everything everywhere all at once,2022,Action,140,25.0,143.0,88.0,,,,70.0,83.0,83.0,92.0,90.0,94.0,99.0,66.0,66.0,,,94.0,96.0,97.0,80.0,67.0,78,94,81.0,86,86.0
